Evento;Referencia;Magnitud;Hora;PGAE;PGAN;PGAZ
1;24 km al NE de Calango, Cañete - Lima;4.0;01/05/2026 03:13:17;3;5;5
2;22 km al SO de Lurín, Lima - Lima;4.3;10/07/2026 23:42:52;25;46;53
3;2 km al SE de Ricardo Palma, Huarochirí - Lima;4.1;22/07/2026 07:25:57;7;22;18
4;117 km al SO de Huacho, Huaura - Lima;4.0;24/07/2026 07:55:01;1;4;5
5;46 km al S de Huacho, Huaura - Lima;4.0;24/07/2026 21:48:11;2;5;5
6;42 km al SO de Lurín, Lima - Lima;4.8;19/08/2026 05:28:02;10;40;28
7;183 km al O de Barranca, Barranca - Lima;4.4;21/08/2026 23:45:03;1;3;5
8;31 km al N de Canta, Canta - Lima;4.0;31/08/2026 05:36:50;1;3;5
9;48 km al SO de Huacho, Huaura - Lima;4.4;24/09/2026 23:26:28;3;9;10
